{
  "orientation": "Vertical",
  "nodeLayouts": {
    "inputs": {
      "x": 12,
      "y": 62,
      "index": -1
    },
    "outputs": {
      "x": 12,
      "y": 392,
      "index": -1
    },
    "PrepareTweetGenerationPrompt": {
      "x": 12,
      "y": 172,
      "height": 75,
      "index": 0
    },
    "GenerateLLMResponse": {
      "x": 12,
      "y": 282,
      "height": 75,
      "index": 1
    }
  },
  "viewport": {
    "transformMatrix": [
      1,
      0,
      0,
      1,
      -42,
      -187.1999969482422
    ]
  }
}