{
  "package": {},
  "code": {
    "PrepareTweetGenerationPrompt.jinja2": {
      "name": "PrepareTweetGenerationPrompt.jinja2",
      "type": "prompt",
      "inputs": {
        "topic": {
          "type": [
            "string"
          ],
          "allow_manual_entry": false,
          "is_multi_select": false,
          "input_type": "default"
        }
      },
      "source": "PrepareTweetGenerationPrompt.jinja2",
      "is_builtin": false,
      "enable_kwargs": false,
      "tool_state": "stable",
      "toolId": "PrepareTweetGenerationPrompt.jinja2"
    },
    "GenerateLLMResponse.jinja2": {
      "name": "GenerateLLMResponse.jinja2",
      "type": "prompt",
      "inputs": {
        "question": {
          "type": [
            "string"
          ],
          "allow_manual_entry": false,
          "is_multi_select": false,
          "input_type": "default"
        }
      },
      "source": "GenerateLLMResponse.jinja2",
      "is_builtin": false,
      "enable_kwargs": false,
      "tool_state": "stable",
      "toolId": "GenerateLLMResponse.jinja2"
    }
  }
}